{"cameraMode":{"drawMode":0,"name":"Shaded","section":"Shading Mode"},"sceneLighting":false,"audioPlay":false,"sceneViewState":{"showFog":true,"showMaterialUpdate":true,"showSkybox":false,"showFlares":true,"showImageEffects":true,"showParticleSystems":true},"in2DMode":false,"pivot":{"x":0.212985098361969,"y":-1.0968353748321534,"z":4.61387825012207},"rotation":{"x":0.09966054558753967,"y":-0.038198988884687427,"z":0.003828896675258875,"w":0.9942839741706848},"size":13.167774200439454,"orthographic":false}