{"cameraMode":{"drawMode":0,"name":"Shaded","section":"Shading Mode"},"sceneLighting":true,"audioPlay":false,"sceneViewState":{"showFog":true,"showMaterialUpdate":true,"showSkybox":true,"showFlares":true,"showImageEffects":true,"showParticleSystems":true},"in2DMode":false,"pivot":{"x":1.498759388923645,"y":-1.0170624256134034,"z":3.5558197498321535},"rotation":{"x":0.08887777477502823,"y":-0.9072108864784241,"z":0.243184432387352,"w":0.3315657377243042},"size":11.490187644958496,"orthographic":false}