{"cameraMode":{"drawMode":0,"name":"Shaded","section":"Shading Mode"},"sceneLighting":true,"audioPlay":false,"sceneViewState":{"showFog":true,"showMaterialUpdate":true,"showSkybox":true,"showFlares":true,"showImageEffects":true,"showParticleSystems":true},"in2DMode":false,"pivot":{"x":0.0,"y":0.09500002861022949,"z":-0.41100001335144045},"rotation":{"x":0.16950535774230958,"y":0.02867472916841507,"z":-0.004934248514473438,"w":0.9851041436195374},"size":22.786487579345704,"orthographic":false}